Section,Multiselect,Category,Label,Tag
Sex: Sex acts,TRUE,Before sex,presenting,presenting
Sex: Sex acts,TRUE,Stimulation,footjob,footjob
Sex: Sex acts,TRUE,Stimulation,double footjob,double footjob
Sex: Sex acts,TRUE,Stimulation,implied footjob,implied footjob
Sex: Sex acts,TRUE,Stimulation,cooperative footjob,cooperative footjob
Sex: Sex acts,TRUE,Stimulation,shoejob,shoejob
Sex: Sex acts,TRUE,Group sex,group sex,group sex
Sex: Sex acts,TRUE,Group sex,bisexual female,bisexual female
Sex: Sex acts,TRUE,Group sex,bisexual male,bisexual male
Sex: Sex acts,TRUE,Group sex,daisy chain,daisy chain
Sex: Sex acts,TRUE,Group sex,gangbang,gangbang
Sex: Sex acts,TRUE,Group sex,double penetration,double penetration
Sex: Sex acts,TRUE,Group sex,triple penetration,triple penetration
Sex: Sex acts,TRUE,Group sex,love train,love train
Sex: Sex acts,TRUE,Group sex,cooperative fellatio,cooperative fellatio
Sex: Sex acts,TRUE,Group sex,cooperative footjob,cooperative footjob
Sex: Sex acts,TRUE,Group sex,cooperative breast smother,cooperative breast smother
Sex: Sex acts,TRUE,Group sex,orgy,orgy
Sex: Sex acts,TRUE,Group sex,reverse spitroast,reverse spitroast
Sex: Sex acts,TRUE,Group sex,spitroast,spitroast
Sex: Sex acts,TRUE,Group sex,teamwork,teamwork
Sex: Sex acts,TRUE,Group sex,threesome,threesome
Sex: Sex acts,TRUE,Group sex,MMF threesome,MMF threesome
Sex: Sex acts,TRUE,Group sex,FFM threesome,FFM threesome
Sex: Sex acts,TRUE,Group sex,MMM threesome,MMM threesome
Sex: Sex acts,TRUE,Group sex,FFF threesome,FFF threesome
Sex: Sex acts,TRUE,Penetration and Insertion,animal insertion,animal insertion
Sex: Sex acts,TRUE,Penetration and Insertion,cervical penetration,cervical penetration
Sex: Sex acts,TRUE,Penetration and Insertion,covered penetration,covered penetration
Sex: Sex acts,TRUE,Penetration and Insertion,deep penetration,deep penetration
Sex: Sex acts,TRUE,Penetration and Insertion,food insertion,food insertion
Sex: Sex acts,TRUE,Penetration and Insertion,large insertion,large insertion
Sex: Sex acts,TRUE,Penetration and Insertion,stomach bulge,stomach bulge
Sex: Sex acts,TRUE,Penetration and Insertion,multiple insertions,multiple insertions
Sex: Sex acts,TRUE,Penetration and Insertion,nipple penetration,nipple penetration
Sex: Sex acts,TRUE,Penetration and Insertion,nosejob,nosejob
Sex: Sex acts,TRUE,Penetration and Insertion,object insertion,object insertion
Sex: Sex acts,TRUE,Penetration and Insertion,vaginal object insertion,vaginal object insertion
Sex: Sex acts,TRUE,Penetration and Insertion,anal object insertion,anal object insertion
Sex: Sex acts,TRUE,Penetration and Insertion,urethral insertion,urethral insertion
Sex: Sex acts,TRUE,Penetration and Insertion,sounding,sounding
Sex: Sex acts,TRUE,Same-sex Acts,yaoi,yaoi
Sex: Sex acts,TRUE,Same-sex Acts,bara,bara
Sex: Sex acts,TRUE,Same-sex Acts,implied yaoi,implied yaoi
Sex: Sex acts,TRUE,Same-sex Acts,bulges touching,bulges touching
Sex: Sex acts,TRUE,Same-sex Acts,penises touching,penises touching
Sex: Sex acts,TRUE,Same-sex Acts,testicles touching,testicles touching
Sex: Sex acts,TRUE,Same-sex Acts,yuri,yuri
Sex: Sex acts,TRUE,Same-sex Acts,implied yuri,implied yuri
Sex: Sex acts,TRUE,Same-sex Acts,tribadism,tribadism
Sex: Sex acts,TRUE,Fetishes,diaper,diaper
Sex: Sex acts,TRUE,Fetishes,adult baby,adult baby
Sex: Sex acts,TRUE,Fetishes,loli,loli
Sex: Sex acts,TRUE,Fetishes,shota,shota
Sex: Sex acts,TRUE,Fetishes,toddlercon,toddlercon
Sex: Sex acts,TRUE,Fetishes,mature female,mature female
Sex: Sex acts,TRUE,Miscellaneous Fetishes,anatomy,anatomy
Sex: Sex acts,TRUE,Miscellaneous Fetishes,conjoined,conjoined
Sex: Sex acts,TRUE,Miscellaneous Fetishes,extra arms,extra arms
Sex: Sex acts,TRUE,Miscellaneous Fetishes,extra breasts,extra breasts
Sex: Sex acts,TRUE,Miscellaneous Fetishes,extra penises,extra penises
Sex: Sex acts,TRUE,Miscellaneous Fetishes,bestiality,bestiality
Sex: Sex acts,TRUE,Miscellaneous Fetishes,Knotting,Knotting
Sex: Sex acts,TRUE,Miscellaneous Fetishes,condom,condom
Sex: Sex acts,TRUE,Miscellaneous Fetishes,used condom on penis,used condom on penis
Sex: Sex acts,TRUE,Miscellaneous Fetishes,condom left inside,condom left inside
Sex: Sex acts,TRUE,Miscellaneous Fetishes,used condom,used condom
Sex: Sex acts,TRUE,Miscellaneous Fetishes,defloration,defloration
Sex: Sex acts,TRUE,Miscellaneous Fetishes,nantaimori,nantaimori
Sex: Sex acts,TRUE,Miscellaneous Fetishes,nyotaimori,nyotaimori
Sex: Sex acts,TRUE,Miscellaneous Fetishes,wakamezake,wakamezake
Sex: Sex acts,TRUE,Miscellaneous Fetishes,bust cup,bust cup
Sex: Sex acts,TRUE,Miscellaneous Fetishes,female ejaculation,female ejaculation
Sex: Sex acts,TRUE,Miscellaneous Fetishes,Pussy juice,Pussy juice
Sex: Sex acts,TRUE,Miscellaneous Fetishes,human furniture,human furniture
Sex: Sex acts,TRUE,Miscellaneous Fetishes,forniphilia,forniphilia
Sex: Sex acts,TRUE,Miscellaneous Fetishes,human toilet,human toilet
Sex: Sex acts,TRUE,Miscellaneous Fetishes,Mecha on girl,Mecha on girl
Sex: Sex acts,TRUE,Miscellaneous Fetishes,pregnant,pregnant
Sex: Sex acts,TRUE,Miscellaneous Fetishes,birth,birth
Sex: Sex acts,TRUE,Miscellaneous Fetishes,impregnation,impregnation
Sex: Sex acts,TRUE,Miscellaneous Fetishes,unbirthing,unbirthing
Sex: Sex acts,TRUE,Miscellaneous Fetishes,selfcest,selfcest
Sex: Sex acts,TRUE,Miscellaneous Fetishes,smelling,smelling
Sex: Sex acts,TRUE,Miscellaneous Fetishes,smelling feet,smelling feet
Sex: Sex acts,TRUE,Miscellaneous Fetishes,smelling clothes,smelling clothes
Sex: Sex acts,TRUE,Miscellaneous Fetishes,smelling underwear,smelling underwear
Sex: Sex acts,TRUE,Miscellaneous Fetishes,smelling pantyhose,smelling pantyhose
Sex: Sex acts,TRUE,Miscellaneous Fetishes,tentacles,tentacles
Sex: Sex acts,TRUE,Miscellaneous Fetishes,consensual tentacles,consensual tentacles
Sex: Sex acts,TRUE,Miscellaneous Fetishes,tentacle gagged,tentacle gagged
Sex: Sex acts,TRUE,Miscellaneous Fetishes,tentaclejob,tentaclejob
Sex: Sex acts,TRUE,Miscellaneous Fetishes,tentacle sex,tentacle sex
Sex: Sex acts,TRUE,Miscellaneous Fetishes,tentacles in thighhighs,tentacles in thighhighs
Sex: Sex acts,TRUE,Miscellaneous Fetishes,tentacles under clothes,tentacles under clothes
Sex: Sex acts,TRUE,Miscellaneous Fetishes,tentacles on male,tentacles on male
Sex: Sex acts,TRUE,Miscellaneous Fetishes,too many tentacles,too many tentacles
Sex: Sex acts,TRUE,Miscellaneous Fetishes,vore,vore
Sex: Sex acts,TRUE,'Extreme' Fetishes,scat,scat
Sex: Sex acts,TRUE,'Extreme' Fetishes,enema,enema
Sex: Sex acts,TRUE,'Extreme' Fetishes,peeing,peeing
Sex: Sex acts,TRUE,'Extreme' Fetishes,drinking pee,drinking pee
Sex: Sex acts,TRUE,'Extreme' Fetishes,golden shower,golden shower
Sex: Sex acts,TRUE,'Extreme' Fetishes,peeing on viewer,peeing on viewer
Sex: Sex acts,TRUE,'Extreme' Fetishes,have to pee,have to pee
Sex: Sex acts,TRUE,'Extreme' Fetishes,peeing self,peeing self
Sex: Sex acts,TRUE,See also,Tag Groups,Tag Groups
Sex: Sex acts,TRUE,See also,Breasts Tags,Breasts Tags
Sex: Sex acts,TRUE,See also,Sexual Attire,Sexual Attire
Sex: Sex acts,TRUE,See also,Sex Objects,Sex Objects
Sex: Sex acts,TRUE,See also,Sexual Positions,Sexual Positions
